nb_swa,ewt_test
4,0.8682432432432432
5,0.8648648648648649
6,0.8547297297297297
7,0.8648648648648649
8,0.8614864864864865
9,0.8581081081081081
10,0.8614864864864865
11,0.8648648648648649
