nb_swa,ewt_test
4,0.9121621621621622
5,0.9087837837837838
6,0.9087837837837838
7,0.9087837837837838
8,0.9054054054054054
9,0.9054054054054054
10,0.9054054054054054
11,0.902027027027027
