nb_swa,ewt_test
4,0.8918918918918919
5,0.8918918918918919
6,0.8918918918918919
7,0.8918918918918919
8,0.8952702702702703
9,0.8918918918918919
10,0.8918918918918919
11,0.8918918918918919
