nb_swa,ewt_test
4,0.8754208754208754
5,0.8754208754208754
6,0.8821548821548821
7,0.8754208754208754
8,0.8754208754208754
9,0.8686868686868687
10,0.8653198653198653
11,0.8653198653198653
