nb_swa,ewt_test
4,0.9158249158249159
5,0.9158249158249159
6,0.9124579124579124
7,0.9191919191919192
8,0.9124579124579124
9,0.9090909090909091
10,0.9090909090909091
11,0.9124579124579124
