nb_swa,ewt_test
4,0.9023569023569024
5,0.898989898989899
6,0.9057239057239057
7,0.9057239057239057
8,0.9057239057239057
9,0.9090909090909091
10,0.9057239057239057
11,0.9057239057239057
