,ewt_test_0,ewt_test_1,ewt_test_2,ewt_test_3,ewt_test_4,ewt_test_5,ewt_test_6,ewt_test_7,ewt_test_8,ewt_test_9,mean,std
4,0.8855218855218855,0.9023569023569024,0.9023569023569024,0.8956228956228957,0.8754208754208754,0.915824915824916,0.8885135135135135,0.8918918918918919,0.9121621621621622,0.8682432432432432,0.893791518791519,0.01369500351108227
5,0.8787878787878788,0.9057239057239056,0.898989898989899,0.8922558922558923,0.8754208754208754,0.915824915824916,0.875,0.8918918918918919,0.9087837837837838,0.8648648648648649,0.8907543907543909,0.015213125643191761
6,0.8754208754208754,0.9057239057239056,0.9057239057239056,0.8821548821548821,0.8821548821548821,0.9124579124579124,0.8682432432432432,0.8918918918918919,0.9087837837837838,0.8547297297297297,0.8887285012285012,0.01756047732400263
7,0.8754208754208754,0.9090909090909092,0.9057239057239056,0.8754208754208754,0.8754208754208754,0.9191919191919192,0.8682432432432432,0.8918918918918919,0.9087837837837838,0.8648648648648649,0.8894053144053145,0.017988707440440965
8,0.8787878787878788,0.9057239057239056,0.9057239057239056,0.8821548821548821,0.8754208754208754,0.9124579124579124,0.8682432432432432,0.8952702702702703,0.9054054054054054,0.8614864864864865,0.8890674765674765,0.01635245838157079
9,0.8754208754208754,0.9090909090909092,0.9090909090909092,0.8787878787878788,0.8686868686868687,0.9090909090909092,0.8682432432432432,0.8918918918918919,0.9054054054054054,0.8581081081081081,0.8873816998817,0.017961323549755923
10,0.8720538720538721,0.9090909090909092,0.9057239057239056,0.8754208754208754,0.8653198653198653,0.9090909090909092,0.8682432432432432,0.8918918918918919,0.9054054054054054,0.8614864864864865,0.8863727363727364,0.017877366428246656
11,0.8720538720538721,0.9090909090909092,0.9057239057239056,0.8787878787878788,0.8653198653198653,0.9124579124579124,0.8614864864864865,0.8918918918918919,0.902027027027027,0.8648648648648649,0.8863704613704615,0.018176494986197014
