nb_swa,ewt_test
4,0.8885135135135135
5,0.875
6,0.8682432432432432
7,0.8682432432432432
8,0.8682432432432432
9,0.8682432432432432
10,0.8682432432432432
11,0.8614864864864865
