nb_swa,ewt_test
4,0.8956228956228957
5,0.8922558922558923
6,0.8821548821548821
7,0.8754208754208754
8,0.8821548821548821
9,0.8787878787878788
10,0.8754208754208754
11,0.8787878787878788
