nb_swa,ewt_test
4,0.8855218855218855
5,0.8787878787878788
6,0.8754208754208754
7,0.8754208754208754
8,0.8787878787878788
9,0.8754208754208754
10,0.8720538720538721
11,0.8720538720538721
